<Page xmlns="http://schemas.nativescript.org/tns.xsd" navigatingTo="onNavigatingTo">
    <ActionBar title="Livestock Hub" icon="">
        <NavigationButton visibility="collapsed"/>
    </ActionBar>
    
    <BottomNavigation>
        <TabStrip>
            <TabStripItem>
                <Label text="Dashboard"/>
                <Image src="font://&#xf015;" class="fas"/>
            </TabStripItem>
            <TabStripItem>
                <Label text="Stock"/>
                <Image src="font://&#xf0c0;" class="fas"/>
            </TabStripItem>
            <TabStripItem>
                <Label text="Documents"/>
                <Image src="font://&#xf15c;" class="fas"/>
            </TabStripItem>
            <TabStripItem>
                <Label text="More"/>
                <Image src="font://&#xf142;" class="fas"/>
            </TabStripItem>
        </TabStrip>

        <TabContentItem>
            <Frame defaultPage="views/dashboard/dashboard-page"/>
        </TabContentItem>
        <TabContentItem>
            <Frame defaultPage="views/stock/stock-page"/>
        </TabContentItem>
        <TabContentItem>
            <Frame defaultPage="views/documents/documents-page"/>
        </TabContentItem>
        <TabContentItem>
            <Frame defaultPage="views/more/more-page"/>
        </TabContentItem>
    </BottomNavigation>
</Page>